{"K": [1.2742391088375018, 1.2742391088375056, 0.11170954908658047, 6.061644156554002, 2.273116558707753, 14.862685191550648, 3.7156712978876823e-06], "kappa": [52.04526860873811, 2.90874892834856, 0.3325011867926576, 0.007823557336297849, 140824.03205336008], "k_kinetic": [100000.0, 2666.6666666666665, 26, 4, 18, 200, 1000.0, 170, 1e-06, 11011764.705882354]}