{"K": [9.193621173005699e-06, 0.010259817885045295, 9.023578931192752, 2.9394162667692103, 52.22577802786905, 5.202839182190499, 0.18105806454350373, 0.04924491270153437, 2.2825620768534467, 1.047278948939252, 0.010259817885045479, 0.016420007868709664, 38.679037255158605, 0.42061781509228724, 1.3256471210006291e-05, 0.013661027995803779, 42.40534935406917, 2.6048847303361417e-05], "kappa": [9473285.747768728, 0.001977927915178333, 175999.56394194404, 0.04749195864089348, 507666652.828105, 5.903100614280069e-17, 36084.51441123444, 0.13878712768601134, 751.5638833017514, 556.6172212187502, 160554.94415646218, 685.5212345767567], "k_kinetic": [930000.0, 0.2, 100000.0, 8.5, 1000000.0, 1e-16, 1000000.0, 5.0, 33333.333333333336, 2500000.0, 22727.272727272728, 100000.0, 957899999.8, 0.00019417475732209517, 31499991.5, 0.02698413426556004, 860000000.0, 1.1627906976744188e-19, 1299995.0, 3.8461686391101506, 1000000.0, 1000000.0, 1000000.0, 1000000.0]}