{
    "generator_settings": {
        "deleteElementRanges": "",
        "displayAxes": true,
        "displayElementAxes": false,
        "displayElementNumbers": false,
        "displayLines": true,
        "displayLinesExterior": false,
        "displayMarkerPoints": false,
        "displayModelRadius": false,
        "displayNodeDerivativeLabels": [
            "D1",
            "D2",
            "D3",
            "D12",
            "D13"
        ],
        "displayNodeDerivatives": 2,
        "displayNodeNumbers": false,
        "displayNodePoints": false,
        "displaySurfaces": true,
        "displaySurfacesExterior": true,
        "displaySurfacesTranslucent": true,
        "displaySurfacesWireframe": false,
        "scaffoldPackage": {
            "_ScaffoldPackage": true,
            "rotation": [
                0.0,
                0.0,
                0.0
            ],
            "scaffoldSettings": {
                "Central path": {
                    "_ScaffoldPackage": true,
                    "meshEdits": "EX Version: 2\n Group name: meshEdits\n!#nodeset nodes\nShape. Dimension=0\n#Fields=1\n1) coordinates, coordinate, rectangular cartesian, real, #Components=3\n x. #Values=6 (value,d/ds1,d/ds2,d2/ds1ds2,d/ds3,d2/ds1ds3)\n y. #Values=6 (value,d/ds1,d/ds2,d2/ds1ds2,d/ds3,d2/ds1ds3)\n z. #Values=6 (value,d/ds1,d/ds2,d2/ds1ds2,d/ds3,d2/ds1ds3)\nNode: 1\n  0.000000000000000e+00  3.500000000000000e+00  0.000000000000000e+00  0.000000000000000e+00  0.000000000000000e+00  0.000000000000000e+00\n  0.000000000000000e+00  0.000000000000000e+00  5.000000000000000e-01  0.000000000000000e+00  0.000000000000000e+00  0.000000000000000e+00\n  0.000000000000000e+00  0.000000000000000e+00  0.000000000000000e+00  0.000000000000000e+00  5.000000000000000e-01  0.000000000000000e+00\nNode: 2\n  3.500000000000000e+00  3.500000000000000e+00  0.000000000000000e+00  0.000000000000000e+00  0.000000000000000e+00  0.000000000000000e+00\n  0.000000000000000e+00  0.000000000000000e+00  5.000000000000000e-01  0.000000000000000e+00  0.000000000000000e+00  0.000000000000000e+00\n  0.000000000000000e+00  0.000000000000000e+00  0.000000000000000e+00  0.000000000000000e+00  5.000000000000000e-01  0.000000000000000e+00\n",
                    "rotation": [
                        0.0,
                        0.0,
                        0.0
                    ],
                    "scaffoldSettings": {
                        "Coordinate dimensions": 3,
                        "D2 derivatives": true,
                        "D3 derivatives": true,
                        "Length": 3.5,
                        "Number of elements": 1
                    },
                    "scaffoldTypeName": "1D Path 1",
                    "scale": [
                        1.0,
                        1.0,
                        1.0
                    ],
                    "translation": [
                        0.0,
                        0.0,
                        0.0
                    ]
                },
                "Lower half": false,
                "Number of elements across major": 6,
                "Number of elements across minor": 6,
                "Number of elements across shell": 1,
                "Number of elements along": 11,
                "Refine": false,
                "Refine number of elements across major": 1,
                "Refine number of elements along": 1,
                "Use cross derivatives": false
            },
            "scaffoldTypeName": "3D Solid Cylinder 1",
            "scale": [
                1.0,
                1.0,
                1.0
            ],
            "translation": [
                0.0,
                0.0,
                0.0
            ]
        }
    },
    "segmentation_data_settings": {
        "displayDataContours": true,
        "displayDataMarkerNames": true,
        "displayDataMarkerPoints": true,
        "displayDataPoints": false,
        "displayDataRadius": false
    }
}