{"K": [2.268153120239683, 107377.99445224929, 4828.804420942077, 0.022681531202397076, 0.12210506298647189, 3.1439702245308325, 0.0010737799445225105, 0.000279639870437524, 0.03568408949802349, 28.442539433562448, 15.100531403905814, 4.771635180648388, 1.6173726600320434e-06, 8.586851642302068e-07, 4.8267599674268915, 0.0004293153037496302, 0.002127336145288811, 1.8921553372357177e-07, 1281.214881857428], "kappa": [128.16492494469733, 0.0027072369520542297, 3051.244945312935, 64451.66701641791, 0.0007715625313354395, 0.0009012752421757506, 10.132970384637797, 0.6517138108505154, 0.002380717615704544, 0.0013664867917671567, 15.363309169071055], "k_kinetic": [10000.0, 10000.0, 10000.0, 10000.0, 10000.0, 16, 16, 0.8, 1210.0, 10000.0, 10000.0, 100.0, 0.0001, 330000.0, 620.0, 2849.9999999999995, 0.01, 0.01, 0.01, 0.01, 0.0001, 0.0001]}