{"K": [4.342471870200787e-05, 0.01502259695756795, 9.526208664934092, 14.6572593083775, 3.3216412816308174, 1.562998719881525, 0.0840651928646653, 0.10799660952458812, 1.786331294111448, 1.2000715683901197, 0.015022596957567184, 0.019335129634912886, 35.644193451108784, 0.02534044313393181, 5.830220825717575e-06, 0.003081638259820192, 10.09857720795433, 8.402984367224616e-05, 0.03619648243327172, 0.002570763878962221, 148.66650564602142, 0.31012094033599347, 293.6393086309606, 163.15743954982392, 0.07936199374649691, 0.006923684451963859, 35.91228013605804, 0.15369764019493481, 178.99325840599434, 105.76973918548453, 1.5145281516233385e-06, 0.19851272911603668, 5.209024819764534e-06, 0.07985580751561783, 0.004321625631671084, 0.26668050302267726, 0.08674091002206588, 3639.4748668083344, 4.6205397881453874e-05, 3.0622155886147035e-05, 0.01914246184016772, 0.05806687881017896, 0.003748595809228992, 0.11491806372582504, 0.024846401020113058], "kappa": [1899804.7070661264, 0.0003966603418859527, 585859.3584740576, 0.15808907589799095, 231488748.67509246, 2.6917296357568837e-17, 31490.248849305146, 0.12111680756197467, 815.5540812484537, 8751.627577192316, 345800.28251001256, 2878.600306087007, 2687.6613642812563, 63.53909797379507, 14.229270236136223, 11363603.365422765, 4069.251226941591, 51.14662589123603, 135.50359131206727, 1788752.117036722, 0.15057595617665223, 0.004422482770844574, 163.69773205391144, 0.11053934975052701, 0.0005401760862687378, 3.3267471637473323, 0.8660198242353957, 3209321.8234263994, 0.22616916811200727, 0.0055685795077461435, 26.998613888746323, 0.20914193040818166, 0.0015375069184269121, 0.044515274896583586, 7.997226428670707, 1848521.2085642712], "k_kinetic": [930000.0, 0.2, 100000.0, 8.5, 1000000.0, 1e-16, 1000000.0, 5.0, 33333.333333333336, 2500000.0, 22727.272727272728, 100000.0, 1000000.0, 1000000.0, 1000000.0, 1000000.0, 1000000.0, 1000000.0, 1000000.0, 1000000.0, 1000.0, 1000.0, 16, 1000.0, 1000.0, 16, 0.8, 1210.0, 1000.0, 1000.0, 2.5, 1000.0, 1000.0, 0.05, 0.8, 1210.0, 957899999.8, 0.00019417475732209517, 31499991.5, 0.02698413426556004, 860000000.0, 1.1627906976744188e-19, 1299995.0, 3.8461686391101506, 1000000.0, 1000000.0, 1000000.0, 1000000.0, 33000000.0, 285000.0, 62000.0, 151693548.38709676, 30000000.0, 160000.0, 436363.63636363635, 11000000.0, 0.001, 0.001, 0.001, 0.001, 0.001, 0.001, 0.001, 15488000000.0, 0.001, 0.001, 0.001, 0.001, 0.001, 2e-05, 0.001, 2420000000.0]}