{"K": [0.00024025517657268237, 379.2242052335331, 8.95981813921825, 0.0002402551765726924, 8.959818139217836, 0.003732409929244056, 0.00033253526469752487, 0.0025899413500202087, 5.2366189991124795e-05, 0.08085925653221511, 0.00564594529514601, 0.0808592565322181, 0.005645945295145805, 2029.7777120169194, 3.2211504384122947e-06], "kappa": [3.2444595403804484, 0.005148786593248405, 82.38058549197208, 3.2444595403804226, 0.005148786593248415, 82.38058549197288, 6.230777003156369, 1187246.3622469439], "k_kinetic": [1000.0, 1000.0, 16, 1000.0, 1000.0, 16, 0.8, 1210.0, 0.001, 0.001, 0.001, 0.001, 0.001, 0.001, 0.001, 15488000000.0]}